<configuration>
  <!-- Including Spring Boot's default Logback configuration -->
  <include resource="org/springframework/boot/logging/logback/defaults.xml"/>
  <!-- Defining a Spring property to fetch the application name -->
  <springProperty scope="context" name="springAppName" source="spring.application.name"/>
  <!-- Define a common pattern for message truncation -->
  <property name="truncatedMessagePattern" value="%replace(%replace(%msg){'[\r\n\t]', ' '}){'(.{8000}).+', '$1...[truncated]'}"/>
  <!-- Appenders -->
  <!-- JSON Console Appender: Logs messages in JSON format -->
  <!-- This appender is typically used in environments where logs are ingested by log aggregation systems -->
  <appender name="jsonConsole" class="ch.qos.logback.core.ConsoleAppender">
    <encoder class="net.logstash.logback.encoder.LoggingEventCompositeJsonEncoder">
      <providers>
        <pattern>
          <pattern>
            {
            "timestamp": "%d{yyyy-MM-dd HH:mm:ss,US/Mountain}",
            "level": "%level",
            "appName": "${springAppName:-lpx-service}",
            "thread": "%thread",
            "logger": "%logger{1}",
            "message": "${truncatedMessagePattern}"
            }
          </pattern>
        </pattern>
      </providers>
    </encoder>
  </appender>
  <!-- CI Console Appender: Plain text format for CI environments -->
  <!-- This appender is simpler and more straightforward, suitable for CI pipelines where fancy formatting may not be supported -->
  <appender name="ciConsole" class="ch.qos.logback.core.ConsoleAppender">
    <encoder>
      <pattern>
        %-5level | %thread | %logger{1} | ${truncatedMessagePattern}%n
      </pattern>
    </encoder>
  </appender>
  <!-- Local Console Appender: Color-coded output for local development -->
  <!-- This appender enhances readability during development with color-coded output -->
  <appender name="localConsole" class="ch.qos.logback.core.ConsoleAppender">
    <encoder>
      <pattern>
        %clr(%d{HH:mm:ss}){faint} | %clr(%-5level) | %clr(%thread){magenta} | %clr(%logger{1}){cyan} | ${truncatedMessagePattern}%n
      </pattern>
    </encoder>
  </appender>
  <!-- Profiles for different environments -->
  <!-- Development environments -->
  <springProfile name="dev, local, localdb">
    <root level="trace">
      <appender-ref ref="localConsole"/>
    </root>
  </springProfile>
  <!-- CI and Logging environments -->
  <springProfile name="ci, log">
    <root level="debug">
      <appender-ref ref="ciConsole"/>
    </root>
  </springProfile>
  <!-- Alpha and Beta environments -->
  <springProfile name="alpha, beta">
    <root level="debug">
      <appender-ref ref="localConsole"/>
    </root>
  </springProfile>
  <!-- Staging and Production environments -->
  <springProfile name="stg, stg2, prd, prd2">
    <root level="info">
      <appender-ref ref="localConsole"/>
    </root>
  </springProfile>
</configuration>
