<soapenv:Envelope xmlns:soapenv="http://schemas.xmlsoap.org/soap/envelope/" xmlns:urn="urn:partner.soap.sforce.com">
  <soapenv:Header>
    <urn:SessionHeader>
      <urn:sessionId>%s</urn:sessionId>
    </urn:SessionHeader>
  </soapenv:Header>
  <soapenv:Body>
    <urn:sendEmail>
      <urn:messages xsi:type="urn:SingleEmailMessage" xmlns:xsi="http://www.w3.org/2001/XMLSchema-instance">
        %s
        <urn:subject>%s</urn:subject>
        <urn:htmlBody><![CDATA[%s]]></urn:htmlBody>
        <urn:whatId>%s</urn:whatId>
        <urn:saveAsActivity>true</urn:saveAsActivity>
      </urn:messages>
    </urn:sendEmail>
  </soapenv:Body>
</soapenv:Envelope>
