<?xml version="1.0" encoding="UTF-8"?>
<!DOCTYPE module PUBLIC
    "-//Checkstyle//DTD Checkstyle Configuration 1.3//EN"
    "https://checkstyle.org/dtds/configuration_1_3.dtd">
<module name="Checker">
  <!-- Core Configuration: Defines the basic behavior of the checker -->
  <property name="severity" value="error"/>
  <property name="fileExtensions" value="java, properties, xml"/>
  <property name="charset" value="UTF-8"/>
  <!-- Exclusion Filters: Prevents checking specific files or patterns -->
  <module name="BeforeExecutionExclusionFileFilter">
    <property name="fileNamePattern" value="module\-info\.java$"/>
  </module>
  <!-- Suppression Configuration: Allows for selective rule suppression -->
  <module name="SuppressionFilter">
    <property name="file" value="${org.checkstyle.sun.suppressionfilter.config}"
              default="checkstyle-suppressions.xml"/>
    <property name="optional" value="true"/>
  </module>
  <!-- File-Level Checks: Ensures consistent file formatting -->
  <module name="Translation"/>
  <module name="FileTabCharacter"/>
  <module name="NewlineAtEndOfFile"/>
  <!-- Line Length Configuration: Maintains readable code width -->
  <module name="LineLength">
    <property name="max" value="150"/>
    <property name="ignorePattern" value="^package.*|^import.*|a href|href|http://|https://|ftp://|^\s*\*\s*[{@literal\s&lt;]*\s*.*$"/>
  </module>
  <!-- Whitespace Control: Prevents trailing spaces -->
  <module name="RegexpSingleline">
    <property name="format" value="\s+$"/>
    <property name="minimum" value="0"/>
    <property name="maximum" value="0"/>
    <property name="message" value="Line has trailing spaces."/>
  </module>
  <module name="TreeWalker">
    <!-- Documentation Validation: Ensures proper Javadoc usage -->
    <module name="InvalidJavadocPosition"/>
    <module name="JavadocType"/>
    <module name="JavadocStyle"/>
    <!-- Import Management: Controls import statement organization -->
    <module name="AvoidStarImport">
      <property name="allowStaticMemberImports" value="true"/>
      <property name="allowClassImports" value="true"/>
    </module>
    <module name="IllegalImport"/>
    <module name="RedundantImport"/>
    <module name="UnusedImports">
      <property name="processJavadoc" value="false"/>
    </module>
    <!-- Naming Conventions: Enforces consistent naming patterns -->
    <module name="ConstantName"/>
    <module name="LocalFinalVariableName"/>
    <module name="LocalVariableName"/>
    <module name="MemberName">
      <property name="format" value="^[a-z][a-zA-Z0-9]*$"/>
    </module>
    <module name="MethodName"/>
    <module name="PackageName"/>
    <module name="ParameterName"/>
    <module name="StaticVariableName"/>
    <module name="TypeName"/>
    <!-- Whitespace Rules: Ensures consistent spacing -->
    <module name="EmptyForIteratorPad"/>
    <module name="GenericWhitespace"/>
    <module name="MethodParamPad"/>
    <module name="NoWhitespaceAfter"/>
    <module name="NoWhitespaceBefore"/>
    <module name="OperatorWrap">
      <property name="option" value="nl"/>
    </module>
    <module name="ParenPad"/>
    <module name="TypecastParenPad"/>
    <module name="WhitespaceAfter"/>
    <!-- Access Control: Manages modifier usage -->
    <module name="ModifierOrder"/>
    <module name="RedundantModifier"/>
    <!-- Block Structure: Controls code block formatting -->
    <module name="AvoidNestedBlocks"/>
    <module name="EmptyBlock"/>
    <module name="LeftCurly">
      <property name="option" value="eol"/>
    </module>
    <module name="NeedBraces"/>
    <module name="RightCurly">
      <property name="option" value="same"/>
    </module>
    <!-- Code Quality: Prevents common coding issues -->
    <module name="EmptyStatement"/>
    <module name="EqualsHashCode"/>
    <module name="IllegalInstantiation"/>
    <module name="InnerAssignment"/>
    <module name="MissingSwitchDefault"/>
    <module name="MultipleVariableDeclarations"/>
    <module name="SimplifyBooleanExpression"/>
    <module name="SimplifyBooleanReturn"/>
    <!-- Class Design: Enforces object-oriented design principles -->
    <module name="FinalClass"/>
    <module name="InterfaceIsType"/>
    <module name="VisibilityModifier">
      <property name="protectedAllowed" value="true"/>
      <property name="packageAllowed" value="true"/>
    </module>
    <!-- Style Consistency: Ensures uniform code style -->
    <module name="ArrayTypeStyle"/>
    <module name="UpperEll"/>
  </module>
</module>
